"","name.x","subject","reason_abroad","reason_language","culture","name.y","reason_EBB","reason_RMTS","reason_HZ","reason_FD","reason_CA","reason_SI","culture.y","name","reason_EBB_complete","reason_RMTS_complete","reason_HZ_complete","reason_FD_complete","reason_CA_complete"
"1",1,"SS1608681385583",FALSE,TRUE,"US",1,FALSE,FALSE,FALSE,FALSE,FALSE,TRUE,"US",1,FALSE,FALSE,FALSE,FALSE,FALSE
"2",2,"SS1608688168812",FALSE,FALSE,"US",2,FALSE,FALSE,FALSE,FALSE,FALSE,FALSE,"US",2,FALSE,FALSE,FALSE,FALSE,FALSE
"3",3,"SS1608698511254",FALSE,FALSE,"US",3,FALSE,FALSE,FALSE,FALSE,FALSE,FALSE,"US",3,FALSE,FALSE,FALSE,FALSE,FALSE
"4",4,"SS1608700105054",FALSE,FALSE,"US",4,FALSE,FALSE,FALSE,FALSE,FALSE,FALSE,"US",4,FALSE,FALSE,FALSE,FALSE,FALSE
"5",5,"SS1608700127333",FALSE,TRUE,"US",5,FALSE,FALSE,FALSE,TRUE,FALSE,FALSE,"US",5,FALSE,FALSE,FALSE,FALSE,FALSE
"6",6,"SS1608700397099",FALSE,FALSE,"US",6,FALSE,FALSE,FALSE,FALSE,FALSE,FALSE,"US",6,FALSE,FALSE,FALSE,FALSE,FALSE
"7",7,"SS1608704367900",FALSE,FALSE,"US",7,FALSE,FALSE,FALSE,FALSE,FALSE,FALSE,"US",7,FALSE,FALSE,FALSE,FALSE,FALSE
"8",8,"SS1608705551890",FALSE,FALSE,"US",8,FALSE,FALSE,FALSE,FALSE,FALSE,FALSE,"US",8,FALSE,FALSE,FALSE,FALSE,FALSE
"9",9,"SS1608708437584",FALSE,FALSE,"US",9,FALSE,FALSE,FALSE,FALSE,FALSE,FALSE,"US",9,FALSE,FALSE,FALSE,FALSE,FALSE
"10",10,"SS1608709300687",TRUE,FALSE,"US",10,FALSE,FALSE,FALSE,FALSE,FALSE,FALSE,"US",10,FALSE,FALSE,FALSE,FALSE,FALSE
"11",11,"SS1608737929527",FALSE,TRUE,"US",11,FALSE,FALSE,FALSE,FALSE,FALSE,FALSE,"US",11,FALSE,FALSE,FALSE,FALSE,FALSE
"12",12,"SS1608750563425",FALSE,FALSE,"US",12,FALSE,FALSE,FALSE,FALSE,FALSE,TRUE,"US",12,FALSE,FALSE,FALSE,FALSE,FALSE
"13",13,"SS1608759071639",FALSE,FALSE,"US",13,FALSE,FALSE,FALSE,FALSE,FALSE,FALSE,"US",13,FALSE,FALSE,FALSE,FALSE,FALSE
"14",14,"SS1608764841871",FALSE,TRUE,"US",14,FALSE,FALSE,FALSE,FALSE,FALSE,FALSE,"US",14,FALSE,FALSE,FALSE,FALSE,FALSE
"15",15,"SS1608764844416",FALSE,FALSE,"US",15,FALSE,FALSE,FALSE,FALSE,FALSE,TRUE,"US",15,FALSE,FALSE,FALSE,FALSE,FALSE
"16",16,"SS1608764928854",FALSE,FALSE,"US",16,FALSE,FALSE,FALSE,FALSE,FALSE,TRUE,"US",16,FALSE,FALSE,FALSE,FALSE,FALSE
"17",17,"SS1608765105161",FALSE,FALSE,"US",17,FALSE,FALSE,FALSE,FALSE,FALSE,FALSE,"US",17,FALSE,FALSE,FALSE,FALSE,FALSE
"18",18,"SS1608765292402",FALSE,FALSE,"US",18,FALSE,FALSE,FALSE,FALSE,FALSE,TRUE,"US",18,FALSE,FALSE,FALSE,FALSE,FALSE
"19",19,"SS1608765554635",FALSE,TRUE,"US",19,FALSE,FALSE,FALSE,FALSE,FALSE,TRUE,"US",19,FALSE,FALSE,FALSE,FALSE,FALSE
"20",20,"SS1608765717953",FALSE,FALSE,"US",20,FALSE,FALSE,FALSE,FALSE,FALSE,FALSE,"US",20,FALSE,FALSE,FALSE,FALSE,FALSE
"21",21,"SS1608766095260",FALSE,TRUE,"US",21,FALSE,FALSE,FALSE,FALSE,FALSE,FALSE,"US",21,FALSE,FALSE,FALSE,FALSE,FALSE
"22",22,"SS1608766593457",FALSE,FALSE,"US",22,FALSE,FALSE,FALSE,FALSE,FALSE,FALSE,"US",22,FALSE,FALSE,FALSE,FALSE,FALSE
"23",23,"SS1608766617789",FALSE,TRUE,"US",23,FALSE,FALSE,FALSE,FALSE,FALSE,FALSE,"US",23,FALSE,FALSE,FALSE,FALSE,FALSE
"24",24,"SS1608766942272",FALSE,FALSE,"US",24,FALSE,FALSE,FALSE,FALSE,FALSE,TRUE,"US",24,FALSE,FALSE,FALSE,FALSE,FALSE
"25",25,"SS1608767066841",TRUE,TRUE,"US",25,FALSE,FALSE,FALSE,FALSE,FALSE,FALSE,"US",25,FALSE,FALSE,FALSE,FALSE,FALSE
"26",26,"SS1608767257570",FALSE,FALSE,"US",26,FALSE,FALSE,FALSE,FALSE,FALSE,FALSE,"US",26,FALSE,FALSE,FALSE,FALSE,FALSE
"27",27,"SS1608768789316",FALSE,TRUE,"US",27,FALSE,FALSE,FALSE,FALSE,FALSE,TRUE,"US",27,FALSE,FALSE,FALSE,FALSE,FALSE
"28",28,"SS1608769719671",TRUE,TRUE,"US",28,FALSE,FALSE,FALSE,FALSE,FALSE,FALSE,"US",28,FALSE,FALSE,FALSE,FALSE,FALSE
"29",29,"SS1608770272900",FALSE,FALSE,"US",29,FALSE,FALSE,FALSE,FALSE,FALSE,FALSE,"US",29,FALSE,FALSE,FALSE,FALSE,FALSE
"30",30,"SS1608771762929",FALSE,TRUE,"US",30,FALSE,FALSE,FALSE,FALSE,FALSE,FALSE,"US",30,FALSE,FALSE,FALSE,FALSE,FALSE
"31",31,"SS1608773085433",FALSE,FALSE,"US",31,FALSE,FALSE,FALSE,FALSE,FALSE,FALSE,"US",31,FALSE,FALSE,FALSE,FALSE,FALSE
"32",32,"SS1608774634252",FALSE,FALSE,"US",32,FALSE,FALSE,FALSE,FALSE,FALSE,TRUE,"US",32,FALSE,FALSE,FALSE,FALSE,FALSE
"33",33,"SS1608775395629",FALSE,FALSE,"US",33,FALSE,FALSE,FALSE,FALSE,FALSE,TRUE,"US",33,FALSE,FALSE,FALSE,FALSE,FALSE
"34",34,"SS1608775531570",FALSE,FALSE,"US",34,FALSE,FALSE,FALSE,FALSE,FALSE,FALSE,"US",34,FALSE,FALSE,FALSE,FALSE,FALSE
"35",35,"SS1608775703963",FALSE,FALSE,"US",35,FALSE,FALSE,FALSE,FALSE,FALSE,FALSE,"US",35,FALSE,FALSE,FALSE,FALSE,FALSE
"36",36,"SS1608781013661",FALSE,FALSE,"US",36,FALSE,FALSE,FALSE,FALSE,FALSE,TRUE,"US",36,FALSE,FALSE,FALSE,FALSE,FALSE
"37",37,"SS1608785293132",TRUE,FALSE,"US",37,FALSE,FALSE,FALSE,FALSE,FALSE,FALSE,"US",37,FALSE,FALSE,FALSE,FALSE,FALSE
"38",38,"SS1608785426067",FALSE,FALSE,"US",38,FALSE,FALSE,FALSE,FALSE,FALSE,FALSE,"US",38,FALSE,FALSE,FALSE,FALSE,FALSE
"39",39,"SS1608785674688",TRUE,FALSE,"US",39,FALSE,FALSE,FALSE,FALSE,FALSE,FALSE,"US",39,FALSE,FALSE,FALSE,FALSE,FALSE
"40",40,"SS1608787713278",FALSE,FALSE,"US",40,FALSE,FALSE,FALSE,FALSE,FALSE,FALSE,"US",40,FALSE,FALSE,FALSE,FALSE,FALSE
"41",41,"SS1608788427161",FALSE,FALSE,"US",41,FALSE,FALSE,FALSE,FALSE,FALSE,FALSE,"US",41,FALSE,FALSE,FALSE,FALSE,FALSE
"42",42,"SS1608788987298",FALSE,TRUE,"US",42,FALSE,FALSE,FALSE,FALSE,FALSE,FALSE,"US",42,FALSE,FALSE,FALSE,FALSE,FALSE
"43",43,"SS1608790005674",FALSE,FALSE,"US",43,FALSE,FALSE,FALSE,FALSE,FALSE,FALSE,"US",43,FALSE,FALSE,FALSE,FALSE,FALSE
"44",44,"SS1608790890814",FALSE,FALSE,"US",44,FALSE,FALSE,FALSE,FALSE,FALSE,TRUE,"US",44,FALSE,FALSE,FALSE,FALSE,FALSE
"45",45,"SS1608791220883",FALSE,FALSE,"US",45,FALSE,FALSE,FALSE,FALSE,FALSE,FALSE,"US",45,FALSE,FALSE,FALSE,FALSE,FALSE
"46",46,"SS1608792549625",FALSE,FALSE,"US",46,FALSE,FALSE,FALSE,FALSE,FALSE,FALSE,"US",46,FALSE,FALSE,FALSE,FALSE,FALSE
"47",47,"SS1608793140128",FALSE,TRUE,"US",47,FALSE,FALSE,TRUE,FALSE,FALSE,FALSE,"US",47,FALSE,FALSE,FALSE,FALSE,FALSE
"48",48,"SS1608794984596",FALSE,FALSE,"US",48,FALSE,FALSE,FALSE,FALSE,FALSE,FALSE,"US",48,FALSE,FALSE,FALSE,FALSE,FALSE
"49",49,"SS1608797392775",FALSE,FALSE,"US",49,FALSE,FALSE,FALSE,FALSE,FALSE,TRUE,"US",49,FALSE,FALSE,FALSE,FALSE,FALSE
"50",50,"SS1608813710413",FALSE,FALSE,"US",50,FALSE,FALSE,FALSE,FALSE,FALSE,FALSE,"US",50,FALSE,FALSE,FALSE,FALSE,FALSE
"51",51,"SS1608816457066",TRUE,FALSE,"US",51,FALSE,FALSE,FALSE,FALSE,FALSE,TRUE,"US",51,FALSE,FALSE,FALSE,FALSE,FALSE
"52",52,"SS1608817521759",FALSE,TRUE,"US",52,FALSE,FALSE,FALSE,FALSE,FALSE,TRUE,"US",52,FALSE,FALSE,FALSE,FALSE,FALSE
"53",53,"SS1608824272594",FALSE,TRUE,"US",53,FALSE,FALSE,TRUE,FALSE,FALSE,FALSE,"US",53,FALSE,FALSE,FALSE,FALSE,FALSE
"54",54,"SS1608831660664",FALSE,FALSE,"US",54,FALSE,FALSE,FALSE,FALSE,FALSE,FALSE,"US",54,FALSE,FALSE,FALSE,FALSE,FALSE
"55",55,"SS1608833527308",FALSE,TRUE,"US",55,FALSE,FALSE,FALSE,FALSE,FALSE,FALSE,"US",55,FALSE,FALSE,FALSE,FALSE,FALSE
"56",56,"SS1608834401052",FALSE,FALSE,"US",56,FALSE,FALSE,FALSE,FALSE,FALSE,FALSE,"US",56,FALSE,FALSE,FALSE,FALSE,FALSE
"57",57,"SS1608836237583",FALSE,FALSE,"US",57,FALSE,FALSE,TRUE,FALSE,FALSE,FALSE,"US",57,FALSE,FALSE,FALSE,FALSE,FALSE
"58",58,"SS1608836302253",FALSE,FALSE,"US",58,FALSE,FALSE,FALSE,FALSE,FALSE,FALSE,"US",58,FALSE,FALSE,FALSE,FALSE,FALSE
"59",59,"SS1608839691941",FALSE,FALSE,"US",59,FALSE,FALSE,FALSE,FALSE,FALSE,FALSE,"US",59,FALSE,FALSE,FALSE,FALSE,FALSE
"60",60,"SS1608840412635",FALSE,FALSE,"US",60,FALSE,FALSE,FALSE,FALSE,FALSE,FALSE,"US",60,FALSE,FALSE,FALSE,FALSE,FALSE
"61",61,"SS1608842254932",FALSE,TRUE,"US",61,FALSE,FALSE,FALSE,FALSE,FALSE,TRUE,"US",61,FALSE,FALSE,FALSE,FALSE,FALSE
"62",62,"SS1608843808592",FALSE,FALSE,"US",62,FALSE,FALSE,FALSE,FALSE,FALSE,FALSE,"US",62,FALSE,FALSE,FALSE,FALSE,FALSE
"63",63,"SS1608844365620",TRUE,FALSE,"US",63,FALSE,FALSE,TRUE,FALSE,FALSE,FALSE,"US",63,FALSE,FALSE,FALSE,FALSE,FALSE
"64",64,"SS1608846102155",FALSE,FALSE,"US",64,FALSE,FALSE,FALSE,FALSE,FALSE,FALSE,"US",64,FALSE,FALSE,FALSE,FALSE,FALSE
"65",65,"SS1608850322225",FALSE,TRUE,"US",65,FALSE,FALSE,FALSE,FALSE,FALSE,FALSE,"US",65,FALSE,FALSE,FALSE,FALSE,FALSE
"66",66,"SS1608853349801",FALSE,FALSE,"US",66,FALSE,FALSE,FALSE,FALSE,FALSE,TRUE,"US",66,FALSE,FALSE,FALSE,FALSE,FALSE
"67",67,"SS1608858288834",FALSE,TRUE,"US",67,FALSE,FALSE,FALSE,FALSE,FALSE,FALSE,"US",67,FALSE,FALSE,FALSE,FALSE,FALSE
"68",68,"SS1608863463604",FALSE,TRUE,"US",68,FALSE,FALSE,FALSE,FALSE,FALSE,FALSE,"US",68,FALSE,FALSE,FALSE,FALSE,FALSE
"69",69,"SS1608863916558",TRUE,FALSE,"US",69,FALSE,FALSE,FALSE,FALSE,FALSE,FALSE,"US",69,FALSE,FALSE,FALSE,FALSE,FALSE
"70",70,"SS1608882192490",FALSE,FALSE,"US",70,FALSE,FALSE,FALSE,FALSE,FALSE,TRUE,"US",70,FALSE,FALSE,FALSE,FALSE,FALSE
"71",71,"SS1608892981654",FALSE,TRUE,"US",71,FALSE,FALSE,FALSE,FALSE,FALSE,FALSE,"US",71,FALSE,FALSE,FALSE,FALSE,FALSE
"72",72,"SS1608962227801",FALSE,FALSE,"US",72,FALSE,FALSE,FALSE,FALSE,FALSE,FALSE,"US",72,FALSE,FALSE,FALSE,FALSE,FALSE
"73",73,"SS1608967838850",FALSE,FALSE,"US",73,FALSE,FALSE,FALSE,FALSE,FALSE,FALSE,"US",73,FALSE,FALSE,FALSE,FALSE,FALSE
"74",74,"SS1608994545018",FALSE,TRUE,"US",74,FALSE,FALSE,FALSE,FALSE,FALSE,TRUE,"US",74,FALSE,FALSE,FALSE,FALSE,FALSE
"75",75,"SS1608999598751",FALSE,FALSE,"US",75,FALSE,FALSE,FALSE,FALSE,FALSE,FALSE,"US",75,FALSE,FALSE,FALSE,FALSE,FALSE
"76",76,"SS1609003293575",FALSE,FALSE,"US",76,FALSE,FALSE,FALSE,FALSE,FALSE,FALSE,"US",76,FALSE,FALSE,FALSE,FALSE,FALSE
"77",77,"SS1609018219931",FALSE,FALSE,"US",77,FALSE,FALSE,FALSE,FALSE,FALSE,FALSE,"US",77,FALSE,FALSE,FALSE,FALSE,FALSE
"78",78,"SS1609018845974",FALSE,FALSE,"US",78,FALSE,FALSE,FALSE,FALSE,FALSE,TRUE,"US",78,FALSE,FALSE,FALSE,FALSE,FALSE
"79",79,"SS1609019254082",FALSE,FALSE,"US",79,FALSE,FALSE,FALSE,FALSE,FALSE,FALSE,"US",79,FALSE,FALSE,FALSE,FALSE,FALSE
"80",80,"SS1609019285444",FALSE,FALSE,"US",80,FALSE,FALSE,FALSE,FALSE,FALSE,FALSE,"US",80,FALSE,FALSE,FALSE,FALSE,FALSE
"81",81,"SS1609038733525",FALSE,FALSE,"US",81,FALSE,FALSE,FALSE,FALSE,FALSE,TRUE,"US",81,FALSE,FALSE,FALSE,FALSE,FALSE
"82",82,"SS1609094228968",FALSE,FALSE,"US",82,FALSE,FALSE,FALSE,FALSE,FALSE,FALSE,"US",82,FALSE,FALSE,FALSE,FALSE,FALSE
"83",83,"SS1609116678756",FALSE,TRUE,"US",83,FALSE,FALSE,FALSE,FALSE,FALSE,FALSE,"US",83,FALSE,FALSE,FALSE,FALSE,FALSE
"84",84,"SS1609137272097",TRUE,FALSE,"US",84,FALSE,FALSE,FALSE,FALSE,FALSE,FALSE,"US",84,FALSE,FALSE,FALSE,FALSE,FALSE
"85",85,"SS1609213660616",FALSE,FALSE,"US",85,FALSE,FALSE,FALSE,FALSE,FALSE,FALSE,"US",85,FALSE,FALSE,FALSE,FALSE,FALSE
"86",86,"SS1609273135099",FALSE,FALSE,"US",86,FALSE,FALSE,FALSE,FALSE,FALSE,FALSE,"US",86,FALSE,FALSE,FALSE,FALSE,FALSE
"87",87,"SS1609275824977",FALSE,FALSE,"US",87,FALSE,FALSE,FALSE,FALSE,FALSE,FALSE,"US",87,FALSE,FALSE,FALSE,FALSE,FALSE
"88",88,"SS1609422514703",FALSE,TRUE,"US",88,FALSE,FALSE,FALSE,FALSE,FALSE,TRUE,"US",88,FALSE,FALSE,FALSE,FALSE,FALSE
"89",89,"SS1609540175257",FALSE,FALSE,"US",89,FALSE,FALSE,FALSE,FALSE,FALSE,FALSE,"US",89,FALSE,FALSE,FALSE,FALSE,FALSE
"90",90,"SS1609542930348",FALSE,TRUE,"US",90,FALSE,FALSE,FALSE,FALSE,FALSE,TRUE,"US",90,FALSE,FALSE,FALSE,FALSE,FALSE
"91",91,"SS1609545235915",FALSE,FALSE,"US",91,FALSE,FALSE,FALSE,FALSE,FALSE,FALSE,"US",91,FALSE,FALSE,FALSE,FALSE,FALSE
"92",92,"SS1609749305068",TRUE,FALSE,"US",92,FALSE,FALSE,FALSE,FALSE,FALSE,FALSE,"US",92,FALSE,FALSE,FALSE,FALSE,FALSE
"93",93,"SS1609779053659",TRUE,TRUE,"US",93,FALSE,FALSE,FALSE,FALSE,FALSE,FALSE,"US",93,FALSE,FALSE,FALSE,FALSE,FALSE
"94",94,"SS1609790990010",FALSE,FALSE,"US",94,FALSE,FALSE,FALSE,FALSE,FALSE,FALSE,"US",94,FALSE,FALSE,FALSE,FALSE,FALSE
"95",95,"SS1609815670698",FALSE,FALSE,"US",95,FALSE,FALSE,FALSE,FALSE,FALSE,FALSE,"US",95,FALSE,FALSE,FALSE,FALSE,FALSE
"96",96,"SS1609865763238",TRUE,TRUE,"US",96,FALSE,FALSE,FALSE,FALSE,FALSE,FALSE,"US",96,FALSE,FALSE,FALSE,FALSE,FALSE
"97",97,"SS1609866138497",FALSE,TRUE,"US",97,FALSE,FALSE,FALSE,FALSE,FALSE,FALSE,"US",97,FALSE,FALSE,FALSE,FALSE,FALSE
"98",98,"SS1609871022738",FALSE,TRUE,"US",98,FALSE,FALSE,FALSE,FALSE,FALSE,FALSE,"US",98,FALSE,FALSE,FALSE,FALSE,FALSE
"99",99,"SS1609871316276",FALSE,TRUE,"US",99,FALSE,FALSE,FALSE,FALSE,FALSE,TRUE,"US",99,FALSE,FALSE,FALSE,FALSE,FALSE
"100",100,"SS1609872764219",FALSE,FALSE,"US",100,FALSE,FALSE,FALSE,FALSE,FALSE,TRUE,"US",100,FALSE,FALSE,FALSE,FALSE,FALSE
"101",101,"SS1609875801466",TRUE,TRUE,"US",101,FALSE,FALSE,FALSE,FALSE,FALSE,FALSE,"US",101,FALSE,FALSE,FALSE,FALSE,FALSE
"102",102,"SS1609876581813",FALSE,TRUE,"US",102,FALSE,FALSE,FALSE,FALSE,FALSE,FALSE,"US",102,FALSE,FALSE,FALSE,FALSE,FALSE
"103",103,"SS1609881975445",FALSE,FALSE,"US",103,FALSE,FALSE,FALSE,FALSE,FALSE,FALSE,"US",103,FALSE,FALSE,FALSE,FALSE,FALSE
"104",104,"SS1609882680132",FALSE,FALSE,"US",104,FALSE,FALSE,FALSE,FALSE,FALSE,TRUE,"US",104,FALSE,FALSE,FALSE,FALSE,FALSE
"105",105,"SS1609887442337",FALSE,TRUE,"US",105,FALSE,FALSE,FALSE,FALSE,FALSE,FALSE,"US",105,FALSE,FALSE,FALSE,FALSE,FALSE
"106",106,"SS1609887605849",FALSE,FALSE,"US",106,FALSE,FALSE,FALSE,FALSE,FALSE,FALSE,"US",106,FALSE,FALSE,FALSE,FALSE,FALSE
"107",107,"SS1609894664188",FALSE,FALSE,"US",107,FALSE,FALSE,FALSE,FALSE,FALSE,FALSE,"US",107,FALSE,FALSE,FALSE,FALSE,FALSE
"108",108,"SS1610325353924",FALSE,FALSE,"US",108,FALSE,FALSE,FALSE,FALSE,FALSE,FALSE,"US",108,FALSE,FALSE,FALSE,FALSE,FALSE
"109",109,"SS1610329115213",FALSE,FALSE,"US",109,FALSE,FALSE,FALSE,FALSE,FALSE,FALSE,"US",109,FALSE,FALSE,FALSE,FALSE,FALSE
"110",110,"SS1610329585116",FALSE,FALSE,"US",110,FALSE,FALSE,FALSE,FALSE,FALSE,FALSE,"US",110,FALSE,FALSE,FALSE,FALSE,FALSE
"111",111,"SS1610329892969",FALSE,FALSE,"US",111,FALSE,FALSE,FALSE,FALSE,FALSE,FALSE,"US",111,FALSE,FALSE,FALSE,FALSE,FALSE
"112",112,"SS1610329967001",FALSE,FALSE,"US",112,FALSE,FALSE,FALSE,FALSE,FALSE,TRUE,"US",112,FALSE,FALSE,FALSE,FALSE,FALSE
"113",113,"SS1610330188396",FALSE,TRUE,"US",113,FALSE,FALSE,FALSE,FALSE,FALSE,FALSE,"US",113,FALSE,FALSE,FALSE,FALSE,FALSE
"114",114,"SS1610330884682",TRUE,TRUE,"US",114,FALSE,FALSE,FALSE,FALSE,FALSE,FALSE,"US",114,FALSE,FALSE,FALSE,FALSE,FALSE
"115",115,"SS1610331114334",FALSE,FALSE,"US",115,FALSE,FALSE,FALSE,FALSE,FALSE,FALSE,"US",115,FALSE,FALSE,FALSE,FALSE,FALSE
"116",116,"SS1610331677410",FALSE,FALSE,"US",116,FALSE,FALSE,FALSE,FALSE,FALSE,TRUE,"US",116,FALSE,FALSE,FALSE,FALSE,FALSE
"117",117,"SS1610333744597",FALSE,FALSE,"US",117,FALSE,TRUE,FALSE,FALSE,FALSE,FALSE,"US",117,FALSE,FALSE,FALSE,FALSE,FALSE
"118",118,"SS1610333927237",FALSE,FALSE,"US",118,FALSE,FALSE,FALSE,FALSE,FALSE,FALSE,"US",118,FALSE,FALSE,FALSE,FALSE,TRUE
"119",119,"SS1610335532506",FALSE,FALSE,"US",119,FALSE,FALSE,FALSE,FALSE,FALSE,FALSE,"US",119,FALSE,FALSE,FALSE,FALSE,FALSE
"120",120,"SS1610337476353",FALSE,FALSE,"US",120,FALSE,FALSE,FALSE,FALSE,FALSE,FALSE,"US",120,FALSE,FALSE,FALSE,FALSE,FALSE
"121",121,"SS1610337657231",FALSE,FALSE,"US",121,FALSE,FALSE,FALSE,FALSE,FALSE,FALSE,"US",121,FALSE,FALSE,FALSE,FALSE,FALSE
"122",122,"SS1610339757988",TRUE,TRUE,"US",122,FALSE,FALSE,FALSE,FALSE,FALSE,FALSE,"US",122,FALSE,FALSE,FALSE,FALSE,FALSE
"123",123,"SS1610345616058",FALSE,FALSE,"US",123,FALSE,FALSE,TRUE,FALSE,FALSE,FALSE,"US",123,FALSE,FALSE,FALSE,FALSE,FALSE
"124",124,"SS1610349328979",FALSE,FALSE,"US",124,FALSE,FALSE,FALSE,FALSE,FALSE,FALSE,"US",124,FALSE,FALSE,FALSE,FALSE,FALSE
"125",125,"SS1610349331747",FALSE,FALSE,"US",125,FALSE,FALSE,FALSE,FALSE,FALSE,TRUE,"US",125,FALSE,FALSE,FALSE,FALSE,FALSE
"126",126,"SS1610353379381",FALSE,FALSE,"US",126,FALSE,FALSE,FALSE,FALSE,FALSE,FALSE,"US",126,FALSE,FALSE,FALSE,FALSE,FALSE
"127",127,"SS1610379831079",FALSE,FALSE,"US",127,FALSE,FALSE,FALSE,FALSE,FALSE,FALSE,"US",127,FALSE,FALSE,FALSE,FALSE,FALSE
"128",128,"SS1610385985080",TRUE,TRUE,"US",128,FALSE,FALSE,FALSE,FALSE,FALSE,TRUE,"US",128,FALSE,FALSE,FALSE,FALSE,FALSE
"129",129,"SS1610399675293",FALSE,FALSE,"US",129,FALSE,FALSE,FALSE,FALSE,FALSE,FALSE,"US",129,FALSE,FALSE,FALSE,FALSE,TRUE
"130",130,"SS1610411161959",FALSE,TRUE,"US",130,FALSE,FALSE,FALSE,FALSE,FALSE,FALSE,"US",130,FALSE,FALSE,FALSE,FALSE,FALSE
"131",131,"SS1610422818643",FALSE,FALSE,"US",131,FALSE,FALSE,FALSE,FALSE,FALSE,FALSE,"US",131,FALSE,FALSE,FALSE,FALSE,FALSE
"132",132,"SS1610428916963",FALSE,FALSE,"US",132,FALSE,FALSE,FALSE,FALSE,FALSE,FALSE,"US",132,FALSE,FALSE,FALSE,FALSE,FALSE
"133",133,"SS1610431776823",FALSE,TRUE,"US",133,FALSE,FALSE,FALSE,FALSE,FALSE,FALSE,"US",133,FALSE,FALSE,FALSE,FALSE,FALSE
"134",134,"SS1610483870992",FALSE,FALSE,"US",134,FALSE,FALSE,FALSE,FALSE,FALSE,FALSE,"US",134,FALSE,FALSE,FALSE,FALSE,FALSE
"135",135,"SS1610486372688",FALSE,FALSE,"US",135,FALSE,FALSE,FALSE,FALSE,FALSE,TRUE,"US",135,FALSE,FALSE,FALSE,FALSE,FALSE
"136",136,"SS1610565350865",FALSE,FALSE,"US",136,FALSE,FALSE,FALSE,FALSE,FALSE,FALSE,"US",136,FALSE,FALSE,FALSE,FALSE,FALSE
"137",137,"SS1610575392391",FALSE,FALSE,"US",137,FALSE,FALSE,FALSE,FALSE,FALSE,FALSE,"US",137,FALSE,FALSE,FALSE,FALSE,FALSE
"138",138,"SS1610579455766",FALSE,TRUE,"US",138,FALSE,FALSE,FALSE,FALSE,FALSE,FALSE,"US",138,FALSE,FALSE,FALSE,FALSE,FALSE
"139",139,"SS1610579566609",FALSE,FALSE,"US",139,FALSE,FALSE,FALSE,FALSE,FALSE,FALSE,"US",139,FALSE,FALSE,FALSE,FALSE,FALSE
"140",140,"SS1610580390276",FALSE,FALSE,"US",140,FALSE,FALSE,FALSE,FALSE,FALSE,FALSE,"US",140,FALSE,FALSE,FALSE,FALSE,FALSE
"141",141,"SS1610582637995",FALSE,TRUE,"US",141,FALSE,FALSE,FALSE,FALSE,FALSE,FALSE,"US",141,FALSE,FALSE,FALSE,FALSE,FALSE
"142",142,"SS1610583961642",FALSE,FALSE,"US",142,FALSE,FALSE,FALSE,FALSE,FALSE,FALSE,"US",142,FALSE,FALSE,FALSE,FALSE,FALSE
"143",143,"SS1610588311801",FALSE,FALSE,"US",143,FALSE,FALSE,FALSE,FALSE,FALSE,FALSE,"US",143,FALSE,FALSE,FALSE,FALSE,FALSE
"144",144,"SS1610591368593",FALSE,FALSE,"US",144,FALSE,FALSE,FALSE,FALSE,FALSE,TRUE,"US",144,FALSE,FALSE,FALSE,FALSE,FALSE
"145",145,"SS1610597241570",FALSE,FALSE,"US",145,FALSE,FALSE,FALSE,FALSE,FALSE,FALSE,"US",145,FALSE,FALSE,FALSE,FALSE,FALSE
"146",146,"SS1610598388740",FALSE,FALSE,"US",146,FALSE,FALSE,FALSE,FALSE,FALSE,FALSE,"US",146,FALSE,FALSE,FALSE,FALSE,FALSE
"147",147,"SS1610598730214",FALSE,FALSE,"US",147,FALSE,FALSE,FALSE,FALSE,FALSE,FALSE,"US",147,FALSE,FALSE,FALSE,FALSE,FALSE
"148",148,"SS1610603063441",FALSE,FALSE,"US",148,FALSE,FALSE,FALSE,FALSE,FALSE,FALSE,"US",148,FALSE,FALSE,FALSE,FALSE,FALSE
"149",149,"SS1610641894562",FALSE,FALSE,"US",149,FALSE,FALSE,FALSE,FALSE,FALSE,FALSE,"US",149,FALSE,FALSE,FALSE,FALSE,FALSE
"150",150,"SS1610649528260",FALSE,TRUE,"US",150,FALSE,FALSE,FALSE,FALSE,FALSE,TRUE,"US",150,FALSE,FALSE,FALSE,FALSE,FALSE
"151",151,"SS1610656625152",FALSE,FALSE,"US",151,FALSE,FALSE,FALSE,FALSE,FALSE,FALSE,"US",151,FALSE,FALSE,FALSE,FALSE,FALSE
"152",152,"SS1610672104359",FALSE,FALSE,"US",152,FALSE,FALSE,FALSE,FALSE,FALSE,FALSE,"US",152,FALSE,FALSE,FALSE,FALSE,FALSE
"153",153,"SS1610677720145",FALSE,FALSE,"US",153,FALSE,FALSE,FALSE,FALSE,FALSE,TRUE,"US",153,FALSE,FALSE,FALSE,FALSE,FALSE
"154",154,"SS1610745171034",FALSE,FALSE,"US",154,FALSE,FALSE,FALSE,FALSE,FALSE,FALSE,"US",154,FALSE,FALSE,FALSE,FALSE,FALSE
"155",155,"SS1610746075917",FALSE,FALSE,"US",155,FALSE,FALSE,FALSE,FALSE,FALSE,FALSE,"US",155,FALSE,FALSE,FALSE,FALSE,FALSE
"156",156,"SS1610771199717",FALSE,TRUE,"US",156,FALSE,FALSE,FALSE,FALSE,FALSE,FALSE,"US",156,FALSE,FALSE,FALSE,FALSE,FALSE
"157",157,"SS1610831055555",FALSE,FALSE,"US",157,FALSE,FALSE,FALSE,FALSE,FALSE,FALSE,"US",157,FALSE,FALSE,FALSE,FALSE,FALSE
"158",158,"SS1610835727512",FALSE,FALSE,"US",158,FALSE,FALSE,FALSE,FALSE,FALSE,FALSE,"US",158,FALSE,FALSE,FALSE,FALSE,FALSE
"159",159,"SS1610925520418",FALSE,TRUE,"US",159,FALSE,FALSE,TRUE,FALSE,FALSE,FALSE,"US",159,FALSE,FALSE,FALSE,FALSE,FALSE
"160",160,"SS1610925743741",FALSE,FALSE,"US",160,FALSE,FALSE,FALSE,FALSE,TRUE,FALSE,"US",160,FALSE,FALSE,FALSE,FALSE,FALSE
"161",161,"SS1610926667734",FALSE,FALSE,"US",161,FALSE,FALSE,FALSE,FALSE,FALSE,FALSE,"US",161,FALSE,FALSE,FALSE,FALSE,FALSE
"162",162,"SS1610945004450",FALSE,TRUE,"US",162,FALSE,TRUE,FALSE,FALSE,FALSE,FALSE,"US",162,FALSE,FALSE,FALSE,FALSE,FALSE
"163",163,"SS1611274819488",TRUE,FALSE,"US",163,FALSE,FALSE,FALSE,FALSE,FALSE,FALSE,"US",163,FALSE,FALSE,FALSE,FALSE,FALSE
"164",164,"SS1611351431073",TRUE,FALSE,"US",164,FALSE,FALSE,FALSE,FALSE,FALSE,FALSE,"US",164,FALSE,FALSE,FALSE,FALSE,FALSE
"165",165,"SS1611352572239",TRUE,FALSE,"US",165,FALSE,FALSE,FALSE,FALSE,FALSE,FALSE,"US",165,FALSE,FALSE,FALSE,FALSE,FALSE
"166",166,"SS1611355150195",FALSE,TRUE,"US",166,FALSE,FALSE,FALSE,FALSE,FALSE,TRUE,"US",166,FALSE,FALSE,FALSE,FALSE,FALSE
"167",167,"SS1611358368668",FALSE,FALSE,"US",167,FALSE,FALSE,FALSE,FALSE,FALSE,FALSE,"US",167,FALSE,FALSE,FALSE,FALSE,FALSE
"168",168,"SS1611369510717",FALSE,FALSE,"US",168,FALSE,FALSE,FALSE,FALSE,FALSE,FALSE,"US",168,FALSE,FALSE,FALSE,FALSE,FALSE
"169",169,"SS1619809958500",FALSE,FALSE,"US",169,FALSE,FALSE,FALSE,FALSE,FALSE,TRUE,"US",169,FALSE,FALSE,FALSE,FALSE,FALSE
"170",170,"SS1619809996844",FALSE,FALSE,"US",170,FALSE,FALSE,FALSE,FALSE,FALSE,FALSE,"US",170,FALSE,FALSE,FALSE,FALSE,FALSE
"171",171,"SS1619810039444",FALSE,FALSE,"US",171,FALSE,FALSE,FALSE,FALSE,FALSE,TRUE,"US",171,FALSE,FALSE,FALSE,FALSE,FALSE
"172",172,"SS1619810088481",TRUE,FALSE,"US",172,FALSE,FALSE,FALSE,FALSE,FALSE,FALSE,"US",172,FALSE,FALSE,FALSE,FALSE,FALSE
"173",173,"SS1619810159724",FALSE,TRUE,"US",173,FALSE,FALSE,FALSE,FALSE,FALSE,FALSE,"US",173,FALSE,FALSE,FALSE,FALSE,FALSE
"174",174,"SS1619810804507",FALSE,FALSE,"US",174,FALSE,FALSE,FALSE,FALSE,FALSE,FALSE,"US",174,FALSE,FALSE,FALSE,FALSE,FALSE
"175",175,"SS1619811846477",FALSE,FALSE,"US",175,FALSE,FALSE,FALSE,FALSE,FALSE,FALSE,"US",175,FALSE,FALSE,FALSE,FALSE,FALSE
"176",176,"SS1619811903092",TRUE,TRUE,"US",176,FALSE,FALSE,FALSE,FALSE,FALSE,FALSE,"US",176,FALSE,FALSE,FALSE,FALSE,FALSE
"177",177,"SS1619812006417",TRUE,TRUE,"US",177,FALSE,FALSE,FALSE,FALSE,FALSE,FALSE,"US",177,FALSE,FALSE,FALSE,FALSE,FALSE
"178",178,"SS1619812041783",FALSE,TRUE,"US",178,FALSE,FALSE,FALSE,FALSE,FALSE,TRUE,"US",178,FALSE,FALSE,FALSE,FALSE,FALSE
"179",179,"SS1619812368576",FALSE,FALSE,"US",179,FALSE,FALSE,FALSE,FALSE,FALSE,FALSE,"US",179,FALSE,FALSE,FALSE,FALSE,FALSE
"180",180,"SS1619812444739",FALSE,FALSE,"US",180,FALSE,FALSE,FALSE,FALSE,FALSE,FALSE,"US",180,FALSE,FALSE,FALSE,FALSE,FALSE
"181",181,"SS1619813074614",FALSE,FALSE,"US",181,FALSE,FALSE,FALSE,FALSE,FALSE,FALSE,"US",181,FALSE,FALSE,FALSE,FALSE,FALSE
"182",182,"SS1619813220257",FALSE,FALSE,"US",182,FALSE,FALSE,FALSE,FALSE,FALSE,FALSE,"US",182,FALSE,FALSE,FALSE,FALSE,FALSE
"183",183,"SS1619813840906",FALSE,FALSE,"US",183,FALSE,FALSE,FALSE,FALSE,FALSE,TRUE,"US",183,FALSE,FALSE,FALSE,FALSE,FALSE
"184",184,"SS1619814178357",FALSE,FALSE,"US",184,FALSE,FALSE,FALSE,FALSE,FALSE,FALSE,"US",184,FALSE,FALSE,FALSE,FALSE,FALSE
"185",185,"SS1619814337589",FALSE,FALSE,"US",185,FALSE,FALSE,FALSE,FALSE,FALSE,FALSE,"US",185,FALSE,FALSE,FALSE,FALSE,FALSE
"186",186,"SS1619814570836",FALSE,FALSE,"US",186,FALSE,FALSE,FALSE,FALSE,FALSE,FALSE,"US",186,FALSE,FALSE,FALSE,FALSE,FALSE
"187",187,"SS1619815515884",FALSE,TRUE,"US",187,FALSE,FALSE,FALSE,FALSE,FALSE,FALSE,"US",187,FALSE,FALSE,FALSE,FALSE,FALSE
"188",188,"SS1619817463861",FALSE,TRUE,"US",188,FALSE,FALSE,FALSE,FALSE,FALSE,FALSE,"US",188,FALSE,FALSE,FALSE,FALSE,FALSE
"189",189,"SS1619818174440",FALSE,FALSE,"US",189,FALSE,FALSE,FALSE,FALSE,FALSE,FALSE,"US",189,FALSE,FALSE,FALSE,FALSE,FALSE
"190",190,"SS1619818421789",FALSE,FALSE,"US",190,FALSE,FALSE,FALSE,FALSE,FALSE,FALSE,"US",190,FALSE,FALSE,FALSE,FALSE,FALSE
"191",191,"SS1619818502355",FALSE,FALSE,"US",191,FALSE,FALSE,FALSE,FALSE,FALSE,FALSE,"US",191,FALSE,FALSE,FALSE,FALSE,FALSE
"192",192,"SS1619818710224",FALSE,TRUE,"US",192,FALSE,FALSE,FALSE,FALSE,FALSE,TRUE,"US",192,FALSE,FALSE,FALSE,FALSE,FALSE
"193",193,"SS1620239996894",FALSE,FALSE,"US",193,FALSE,FALSE,FALSE,FALSE,FALSE,FALSE,"US",193,FALSE,FALSE,FALSE,FALSE,FALSE
"194",194,"SS1620251084195",FALSE,FALSE,"US",194,FALSE,FALSE,FALSE,FALSE,FALSE,FALSE,"US",194,FALSE,FALSE,FALSE,FALSE,FALSE
"195",195,"SS1620253708569",FALSE,FALSE,"US",195,FALSE,FALSE,FALSE,FALSE,FALSE,FALSE,"US",195,FALSE,FALSE,FALSE,FALSE,FALSE
"196",196,"SS1620280376004",FALSE,FALSE,"US",196,FALSE,FALSE,FALSE,FALSE,FALSE,FALSE,"US",196,FALSE,FALSE,FALSE,FALSE,FALSE
"197",197,"SS1620319579859",FALSE,FALSE,"US",197,FALSE,FALSE,FALSE,FALSE,FALSE,FALSE,"US",197,FALSE,FALSE,FALSE,FALSE,FALSE
"198",198,"SS1620324908901",TRUE,FALSE,"US",198,FALSE,FALSE,FALSE,FALSE,FALSE,FALSE,"US",198,FALSE,FALSE,FALSE,FALSE,FALSE
"199",199,"SS1620327224790",FALSE,FALSE,"US",199,FALSE,FALSE,FALSE,FALSE,FALSE,FALSE,"US",199,FALSE,FALSE,FALSE,FALSE,FALSE
"200",200,"SS1620329211979",FALSE,FALSE,"US",200,FALSE,FALSE,FALSE,FALSE,FALSE,FALSE,"US",200,FALSE,FALSE,FALSE,FALSE,FALSE
"201",201,"SS1620329695923",FALSE,FALSE,"US",201,FALSE,FALSE,FALSE,FALSE,FALSE,FALSE,"US",201,FALSE,FALSE,FALSE,FALSE,FALSE
"202",202,"SS1620329984643",FALSE,FALSE,"US",202,FALSE,FALSE,FALSE,FALSE,FALSE,FALSE,"US",202,FALSE,FALSE,FALSE,FALSE,FALSE
"203",203,"SS1620331546510",FALSE,FALSE,"US",203,FALSE,FALSE,FALSE,FALSE,FALSE,FALSE,"US",203,FALSE,FALSE,FALSE,FALSE,FALSE
"204",1,"SS1608910542319",FALSE,TRUE,"CN",1,FALSE,FALSE,FALSE,FALSE,FALSE,FALSE,"CN",204,FALSE,FALSE,FALSE,FALSE,FALSE
"205",2,"SS1608915923505",FALSE,TRUE,"CN",2,FALSE,FALSE,FALSE,FALSE,FALSE,FALSE,"CN",205,FALSE,FALSE,FALSE,FALSE,FALSE
"206",3,"SS1608919052817",TRUE,TRUE,"CN",3,FALSE,FALSE,FALSE,FALSE,FALSE,FALSE,"CN",206,FALSE,FALSE,FALSE,FALSE,FALSE
"207",4,"SS1608922359968",FALSE,TRUE,"CN",4,FALSE,FALSE,FALSE,FALSE,FALSE,FALSE,"CN",207,FALSE,FALSE,FALSE,TRUE,FALSE
"208",5,"SS1608939499047",FALSE,TRUE,"CN",5,FALSE,FALSE,FALSE,FALSE,FALSE,FALSE,"CN",208,FALSE,FALSE,FALSE,FALSE,FALSE
"209",6,"SS1608943874386",FALSE,TRUE,"CN",6,FALSE,FALSE,FALSE,FALSE,FALSE,TRUE,"CN",209,FALSE,FALSE,FALSE,FALSE,FALSE
"210",7,"SS1608945641685",FALSE,TRUE,"CN",7,FALSE,FALSE,FALSE,FALSE,FALSE,FALSE,"CN",210,FALSE,FALSE,FALSE,FALSE,FALSE
"211",8,"SS1608948095292",FALSE,TRUE,"CN",8,FALSE,FALSE,FALSE,FALSE,FALSE,FALSE,"CN",211,FALSE,FALSE,FALSE,FALSE,FALSE
"212",9,"SS1608949381789",FALSE,TRUE,"CN",9,FALSE,FALSE,FALSE,FALSE,FALSE,FALSE,"CN",212,FALSE,FALSE,FALSE,FALSE,FALSE
"213",10,"SS1608954326224",FALSE,TRUE,"CN",10,FALSE,FALSE,FALSE,FALSE,FALSE,FALSE,"CN",213,FALSE,FALSE,FALSE,FALSE,FALSE
"214",11,"SS1608954731700",FALSE,TRUE,"CN",11,FALSE,FALSE,FALSE,FALSE,FALSE,FALSE,"CN",214,FALSE,FALSE,FALSE,FALSE,FALSE
"215",12,"SS1608970887825",FALSE,TRUE,"CN",12,FALSE,FALSE,FALSE,FALSE,FALSE,FALSE,"CN",215,FALSE,FALSE,FALSE,FALSE,FALSE
"216",13,"SS1608972269897",FALSE,TRUE,"CN",13,FALSE,FALSE,FALSE,FALSE,FALSE,FALSE,"CN",216,FALSE,FALSE,FALSE,FALSE,FALSE
"217",14,"SS1608977429765",TRUE,TRUE,"CN",14,FALSE,FALSE,FALSE,FALSE,FALSE,FALSE,"CN",217,FALSE,FALSE,FALSE,FALSE,FALSE
"218",15,"SS1608996310483",FALSE,TRUE,"CN",15,FALSE,FALSE,FALSE,FALSE,FALSE,FALSE,"CN",218,FALSE,FALSE,FALSE,FALSE,FALSE
"219",16,"SS1608996688173",FALSE,TRUE,"CN",16,FALSE,FALSE,FALSE,FALSE,FALSE,FALSE,"CN",219,FALSE,FALSE,FALSE,FALSE,FALSE
"220",17,"SS1608997032951",FALSE,TRUE,"CN",17,FALSE,FALSE,FALSE,FALSE,FALSE,FALSE,"CN",220,FALSE,FALSE,FALSE,FALSE,FALSE
"221",18,"SS1608997112698",FALSE,TRUE,"CN",18,FALSE,FALSE,FALSE,FALSE,FALSE,FALSE,"CN",221,FALSE,FALSE,FALSE,FALSE,FALSE
"222",19,"SS1608997232238",FALSE,TRUE,"CN",19,FALSE,FALSE,FALSE,FALSE,FALSE,FALSE,"CN",222,FALSE,FALSE,FALSE,FALSE,FALSE
"223",20,"SS1608997522324",FALSE,TRUE,"CN",20,FALSE,FALSE,FALSE,FALSE,FALSE,FALSE,"CN",223,FALSE,FALSE,FALSE,FALSE,FALSE
"224",21,"SS1608997707068",FALSE,TRUE,"CN",21,FALSE,FALSE,FALSE,FALSE,FALSE,FALSE,"CN",224,FALSE,FALSE,FALSE,FALSE,FALSE
"225",22,"SS1608997774748",FALSE,TRUE,"CN",22,FALSE,FALSE,FALSE,FALSE,FALSE,FALSE,"CN",225,FALSE,FALSE,FALSE,FALSE,FALSE
"226",23,"SS1608997826306",FALSE,TRUE,"CN",23,FALSE,FALSE,FALSE,TRUE,FALSE,FALSE,"CN",226,FALSE,FALSE,FALSE,FALSE,FALSE
"227",24,"SS1608998177863",FALSE,TRUE,"CN",24,FALSE,FALSE,FALSE,FALSE,FALSE,FALSE,"CN",227,FALSE,FALSE,FALSE,FALSE,FALSE
"228",25,"SS1608998191588",FALSE,TRUE,"CN",25,FALSE,FALSE,FALSE,FALSE,FALSE,FALSE,"CN",228,FALSE,FALSE,FALSE,FALSE,FALSE
"229",26,"SS1608998414826",FALSE,TRUE,"CN",26,FALSE,FALSE,FALSE,FALSE,FALSE,FALSE,"CN",229,FALSE,FALSE,FALSE,FALSE,FALSE
"230",27,"SS1609000443345",FALSE,TRUE,"CN",27,FALSE,FALSE,FALSE,FALSE,FALSE,FALSE,"CN",230,FALSE,FALSE,FALSE,FALSE,FALSE
"231",28,"SS1609000763890",FALSE,TRUE,"CN",28,FALSE,FALSE,FALSE,FALSE,FALSE,FALSE,"CN",231,FALSE,FALSE,FALSE,FALSE,FALSE
"232",29,"SS1609001721768",TRUE,TRUE,"CN",29,FALSE,FALSE,FALSE,FALSE,FALSE,FALSE,"CN",232,FALSE,FALSE,FALSE,FALSE,FALSE
"233",30,"SS1609001790486",FALSE,TRUE,"CN",30,FALSE,FALSE,FALSE,FALSE,FALSE,FALSE,"CN",233,FALSE,FALSE,FALSE,FALSE,FALSE
"234",31,"SS1609002028914",FALSE,TRUE,"CN",31,FALSE,FALSE,FALSE,FALSE,FALSE,TRUE,"CN",234,FALSE,FALSE,FALSE,FALSE,FALSE
"235",32,"SS1609005519115",FALSE,TRUE,"CN",32,FALSE,FALSE,FALSE,FALSE,FALSE,FALSE,"CN",235,FALSE,FALSE,FALSE,FALSE,FALSE
"236",33,"SS1609006007662",FALSE,TRUE,"CN",33,FALSE,FALSE,FALSE,FALSE,FALSE,FALSE,"CN",236,FALSE,FALSE,FALSE,FALSE,FALSE
"237",34,"SS1609029671133",FALSE,TRUE,"CN",34,FALSE,FALSE,FALSE,FALSE,FALSE,FALSE,"CN",237,FALSE,FALSE,FALSE,FALSE,FALSE
"238",35,"SS1609032756992",FALSE,TRUE,"CN",35,FALSE,FALSE,FALSE,FALSE,FALSE,FALSE,"CN",238,FALSE,FALSE,FALSE,FALSE,FALSE
"239",36,"SS1609034845673",FALSE,TRUE,"CN",36,FALSE,FALSE,FALSE,FALSE,FALSE,FALSE,"CN",239,FALSE,FALSE,FALSE,FALSE,FALSE
"240",37,"SS1609035087170",FALSE,TRUE,"CN",37,FALSE,FALSE,FALSE,FALSE,FALSE,TRUE,"CN",240,FALSE,FALSE,FALSE,FALSE,FALSE
"241",38,"SS1609035138833",FALSE,FALSE,"CN",38,FALSE,FALSE,FALSE,FALSE,FALSE,FALSE,"CN",241,FALSE,FALSE,FALSE,FALSE,TRUE
"242",39,"SS1609035269711",FALSE,TRUE,"CN",39,FALSE,FALSE,FALSE,FALSE,FALSE,TRUE,"CN",242,FALSE,FALSE,FALSE,FALSE,FALSE
"243",40,"SS1609035512006",FALSE,TRUE,"CN",40,FALSE,FALSE,FALSE,FALSE,FALSE,FALSE,"CN",243,FALSE,FALSE,FALSE,FALSE,FALSE
"244",41,"SS1609035895621",FALSE,TRUE,"CN",41,FALSE,FALSE,FALSE,FALSE,FALSE,FALSE,"CN",244,FALSE,FALSE,FALSE,FALSE,FALSE
"245",42,"SS1609038166902",FALSE,FALSE,"CN",42,FALSE,FALSE,FALSE,FALSE,FALSE,FALSE,"CN",245,FALSE,FALSE,FALSE,FALSE,FALSE
"246",43,"SS1609038359555",FALSE,TRUE,"CN",43,FALSE,FALSE,FALSE,FALSE,FALSE,FALSE,"CN",246,FALSE,FALSE,FALSE,FALSE,FALSE
"247",44,"SS1609040322263",FALSE,TRUE,"CN",44,FALSE,FALSE,FALSE,FALSE,FALSE,FALSE,"CN",247,FALSE,FALSE,FALSE,FALSE,FALSE
"248",45,"SS1609041102827",FALSE,TRUE,"CN",45,FALSE,FALSE,FALSE,FALSE,FALSE,FALSE,"CN",248,FALSE,FALSE,FALSE,FALSE,FALSE
"249",46,"SS1609045009059",FALSE,TRUE,"CN",46,FALSE,FALSE,FALSE,FALSE,FALSE,FALSE,"CN",249,FALSE,FALSE,FALSE,FALSE,FALSE
"250",47,"SS1609045159745",FALSE,TRUE,"CN",47,FALSE,FALSE,FALSE,FALSE,FALSE,FALSE,"CN",250,FALSE,FALSE,FALSE,FALSE,FALSE
"251",48,"SS1609047757543",FALSE,FALSE,"CN",48,FALSE,FALSE,FALSE,FALSE,FALSE,FALSE,"CN",251,FALSE,FALSE,FALSE,FALSE,FALSE
"252",49,"SS1609048020762",FALSE,TRUE,"CN",49,FALSE,FALSE,TRUE,FALSE,FALSE,FALSE,"CN",252,FALSE,FALSE,FALSE,FALSE,FALSE
"253",50,"SS1609050562848",FALSE,TRUE,"CN",50,FALSE,FALSE,FALSE,FALSE,FALSE,FALSE,"CN",253,FALSE,FALSE,FALSE,FALSE,FALSE
"254",51,"SS1609051064792",FALSE,TRUE,"CN",51,FALSE,FALSE,FALSE,FALSE,FALSE,FALSE,"CN",254,FALSE,FALSE,FALSE,FALSE,FALSE
"255",52,"SS1609054193360",FALSE,TRUE,"CN",52,FALSE,FALSE,FALSE,FALSE,FALSE,FALSE,"CN",255,FALSE,FALSE,FALSE,FALSE,FALSE
"256",53,"SS1609054420221",FALSE,TRUE,"CN",53,FALSE,FALSE,FALSE,TRUE,TRUE,FALSE,"CN",256,FALSE,FALSE,FALSE,FALSE,FALSE
"257",54,"SS1609056109961",FALSE,TRUE,"CN",54,FALSE,FALSE,FALSE,FALSE,FALSE,FALSE,"CN",257,FALSE,FALSE,FALSE,FALSE,FALSE
"258",55,"SS1609056238065",FALSE,TRUE,"CN",55,FALSE,FALSE,FALSE,FALSE,FALSE,FALSE,"CN",258,FALSE,FALSE,FALSE,FALSE,FALSE
"259",56,"SS1609057298261",FALSE,TRUE,"CN",56,FALSE,FALSE,FALSE,FALSE,FALSE,FALSE,"CN",259,FALSE,FALSE,FALSE,FALSE,FALSE
"260",57,"SS1609057764742",FALSE,TRUE,"CN",57,FALSE,FALSE,FALSE,FALSE,FALSE,FALSE,"CN",260,FALSE,FALSE,FALSE,FALSE,FALSE
"261",58,"SS1609057903683",FALSE,TRUE,"CN",58,FALSE,FALSE,FALSE,FALSE,FALSE,FALSE,"CN",261,FALSE,FALSE,FALSE,FALSE,FALSE
"262",59,"SS1609062380695",FALSE,TRUE,"CN",59,FALSE,FALSE,FALSE,FALSE,FALSE,FALSE,"CN",262,FALSE,FALSE,FALSE,FALSE,FALSE
"263",60,"SS1609062423335",FALSE,TRUE,"CN",60,FALSE,FALSE,FALSE,FALSE,FALSE,FALSE,"CN",263,FALSE,FALSE,FALSE,FALSE,FALSE
"264",61,"SS1609064318009",FALSE,TRUE,"CN",61,FALSE,FALSE,FALSE,FALSE,FALSE,FALSE,"CN",264,FALSE,FALSE,FALSE,FALSE,FALSE
"265",62,"SS1609065406081",FALSE,TRUE,"CN",62,FALSE,FALSE,FALSE,FALSE,FALSE,FALSE,"CN",265,FALSE,FALSE,FALSE,FALSE,FALSE
"266",63,"SS1609073869026",FALSE,TRUE,"CN",63,FALSE,FALSE,FALSE,FALSE,FALSE,FALSE,"CN",266,FALSE,FALSE,FALSE,FALSE,FALSE
"267",64,"SS1609075750358",FALSE,TRUE,"CN",64,FALSE,FALSE,FALSE,FALSE,FALSE,FALSE,"CN",267,FALSE,FALSE,FALSE,FALSE,FALSE
"268",65,"SS1609079699037",FALSE,TRUE,"CN",65,FALSE,FALSE,FALSE,FALSE,FALSE,FALSE,"CN",268,FALSE,FALSE,FALSE,TRUE,FALSE
"269",66,"SS1609086776753",FALSE,TRUE,"CN",66,FALSE,FALSE,FALSE,FALSE,FALSE,FALSE,"CN",269,FALSE,FALSE,FALSE,FALSE,FALSE
"270",67,"SS1609105368955",FALSE,TRUE,"CN",67,FALSE,FALSE,FALSE,FALSE,FALSE,FALSE,"CN",270,FALSE,FALSE,FALSE,FALSE,FALSE
"271",68,"SS1609108368156",FALSE,TRUE,"CN",68,FALSE,TRUE,FALSE,FALSE,FALSE,FALSE,"CN",271,FALSE,FALSE,FALSE,FALSE,FALSE
"272",69,"SS1609116587428",FALSE,TRUE,"CN",69,FALSE,FALSE,FALSE,FALSE,FALSE,FALSE,"CN",272,FALSE,FALSE,FALSE,FALSE,FALSE
"273",70,"SS1609121014512",FALSE,TRUE,"CN",70,FALSE,FALSE,FALSE,FALSE,FALSE,TRUE,"CN",273,FALSE,FALSE,FALSE,FALSE,FALSE
"274",71,"SS1609121221630",FALSE,TRUE,"CN",71,FALSE,FALSE,FALSE,FALSE,FALSE,FALSE,"CN",274,FALSE,FALSE,FALSE,FALSE,FALSE
"275",72,"SS1609121912186",FALSE,TRUE,"CN",72,FALSE,FALSE,FALSE,FALSE,FALSE,FALSE,"CN",275,FALSE,FALSE,FALSE,FALSE,FALSE
"276",73,"SS1609123270584",FALSE,TRUE,"CN",73,FALSE,TRUE,FALSE,FALSE,FALSE,FALSE,"CN",276,FALSE,FALSE,FALSE,FALSE,FALSE
"277",74,"SS1609125348720",FALSE,TRUE,"CN",74,FALSE,FALSE,FALSE,FALSE,FALSE,TRUE,"CN",277,FALSE,FALSE,FALSE,FALSE,FALSE
"278",75,"SS1609132098611",FALSE,TRUE,"CN",75,FALSE,FALSE,FALSE,FALSE,FALSE,FALSE,"CN",278,FALSE,FALSE,FALSE,FALSE,FALSE
"279",76,"SS1609139734485",FALSE,FALSE,"CN",76,FALSE,FALSE,FALSE,FALSE,FALSE,FALSE,"CN",279,FALSE,FALSE,FALSE,FALSE,FALSE
"280",77,"SS1609141291161",FALSE,TRUE,"CN",77,FALSE,FALSE,FALSE,FALSE,FALSE,FALSE,"CN",280,FALSE,FALSE,FALSE,FALSE,FALSE
"281",78,"SS1609143031482",TRUE,TRUE,"CN",78,FALSE,FALSE,FALSE,FALSE,FALSE,FALSE,"CN",281,FALSE,FALSE,FALSE,FALSE,FALSE
"282",79,"SS1609144676893",FALSE,TRUE,"CN",79,FALSE,FALSE,FALSE,FALSE,FALSE,FALSE,"CN",282,FALSE,FALSE,FALSE,FALSE,FALSE
"283",80,"SS1609146491935",FALSE,TRUE,"CN",80,FALSE,FALSE,FALSE,FALSE,FALSE,FALSE,"CN",283,FALSE,FALSE,FALSE,FALSE,FALSE
"284",81,"SS1609150558457",FALSE,TRUE,"CN",81,FALSE,FALSE,TRUE,FALSE,FALSE,FALSE,"CN",284,FALSE,FALSE,FALSE,FALSE,FALSE
"285",82,"SS1609156148777",FALSE,TRUE,"CN",82,FALSE,FALSE,FALSE,FALSE,FALSE,FALSE,"CN",285,FALSE,FALSE,FALSE,FALSE,FALSE
"286",83,"SS1609163312228",FALSE,TRUE,"CN",83,FALSE,FALSE,FALSE,FALSE,FALSE,FALSE,"CN",286,FALSE,FALSE,FALSE,FALSE,FALSE
"287",84,"SS1609165042530",FALSE,TRUE,"CN",84,FALSE,TRUE,FALSE,FALSE,FALSE,FALSE,"CN",287,FALSE,FALSE,FALSE,FALSE,FALSE
"288",85,"SS1609166832692",FALSE,TRUE,"CN",85,FALSE,FALSE,FALSE,FALSE,FALSE,FALSE,"CN",288,FALSE,FALSE,FALSE,FALSE,FALSE
"289",86,"SS1609206019548",FALSE,TRUE,"CN",86,FALSE,FALSE,FALSE,FALSE,FALSE,FALSE,"CN",289,FALSE,FALSE,FALSE,FALSE,FALSE
"290",87,"SS1609208930844",FALSE,TRUE,"CN",87,FALSE,FALSE,FALSE,FALSE,FALSE,FALSE,"CN",290,FALSE,FALSE,FALSE,FALSE,FALSE
"291",88,"SS1609213276315",FALSE,TRUE,"CN",88,FALSE,FALSE,FALSE,FALSE,FALSE,FALSE,"CN",291,FALSE,FALSE,FALSE,FALSE,FALSE
"292",89,"SS1609214157015",FALSE,TRUE,"CN",89,FALSE,FALSE,FALSE,FALSE,FALSE,FALSE,"CN",292,FALSE,FALSE,FALSE,FALSE,FALSE
"293",90,"SS1609222543224",FALSE,TRUE,"CN",90,FALSE,FALSE,FALSE,TRUE,FALSE,FALSE,"CN",293,FALSE,FALSE,FALSE,TRUE,FALSE
"294",91,"SS1609223067371",FALSE,FALSE,"CN",91,FALSE,FALSE,FALSE,FALSE,FALSE,FALSE,"CN",294,FALSE,FALSE,FALSE,FALSE,FALSE
"295",92,"SS1609225913111",FALSE,TRUE,"CN",92,FALSE,FALSE,FALSE,FALSE,FALSE,FALSE,"CN",295,FALSE,FALSE,FALSE,FALSE,FALSE
"296",93,"SS1609229037242",FALSE,TRUE,"CN",93,FALSE,FALSE,FALSE,FALSE,FALSE,TRUE,"CN",296,FALSE,FALSE,FALSE,FALSE,FALSE
"297",94,"SS1609229287946",FALSE,TRUE,"CN",94,FALSE,FALSE,FALSE,FALSE,FALSE,FALSE,"CN",297,FALSE,FALSE,FALSE,FALSE,FALSE
"298",95,"SS1609233742402",FALSE,TRUE,"CN",95,FALSE,FALSE,FALSE,FALSE,FALSE,TRUE,"CN",298,FALSE,FALSE,FALSE,FALSE,FALSE
"299",96,"SS1609234368670",FALSE,TRUE,"CN",96,FALSE,FALSE,FALSE,FALSE,FALSE,FALSE,"CN",299,FALSE,FALSE,FALSE,FALSE,FALSE
"300",97,"SS1609236181354",FALSE,TRUE,"CN",97,FALSE,FALSE,FALSE,FALSE,FALSE,FALSE,"CN",300,FALSE,FALSE,FALSE,FALSE,FALSE
"301",98,"SS1609238981425",FALSE,TRUE,"CN",98,FALSE,FALSE,FALSE,FALSE,FALSE,FALSE,"CN",301,FALSE,FALSE,FALSE,FALSE,FALSE
"302",99,"SS1609241808889",FALSE,TRUE,"CN",99,FALSE,FALSE,FALSE,FALSE,FALSE,FALSE,"CN",302,FALSE,FALSE,FALSE,FALSE,FALSE
"303",100,"SS1609242245499",FALSE,TRUE,"CN",100,FALSE,FALSE,FALSE,FALSE,FALSE,TRUE,"CN",303,FALSE,FALSE,FALSE,FALSE,FALSE
"304",101,"SS1609248452680",FALSE,TRUE,"CN",101,FALSE,FALSE,FALSE,FALSE,FALSE,TRUE,"CN",304,FALSE,FALSE,FALSE,FALSE,FALSE
"305",102,"SS1609252307381",FALSE,TRUE,"CN",102,FALSE,FALSE,FALSE,FALSE,FALSE,FALSE,"CN",305,FALSE,FALSE,FALSE,FALSE,FALSE
"306",103,"SS1609254302236",FALSE,TRUE,"CN",103,FALSE,FALSE,FALSE,FALSE,FALSE,FALSE,"CN",306,FALSE,FALSE,FALSE,FALSE,FALSE
"307",104,"SS1609301941699",FALSE,TRUE,"CN",104,FALSE,FALSE,FALSE,FALSE,FALSE,FALSE,"CN",307,FALSE,FALSE,FALSE,FALSE,FALSE
"308",105,"SS1609304537384",FALSE,FALSE,"CN",105,FALSE,FALSE,FALSE,TRUE,FALSE,TRUE,"CN",308,FALSE,FALSE,FALSE,FALSE,FALSE
"309",106,"SS1609311237755",FALSE,TRUE,"CN",106,FALSE,FALSE,TRUE,FALSE,FALSE,FALSE,"CN",309,FALSE,FALSE,FALSE,FALSE,FALSE
"310",107,"SS1609311437110",FALSE,FALSE,"CN",107,FALSE,FALSE,FALSE,TRUE,FALSE,TRUE,"CN",310,FALSE,FALSE,FALSE,TRUE,FALSE
"311",108,"SS1609314218600",FALSE,TRUE,"CN",108,FALSE,FALSE,FALSE,FALSE,FALSE,FALSE,"CN",311,FALSE,FALSE,FALSE,FALSE,FALSE
"312",109,"SS1609315463105",FALSE,TRUE,"CN",109,FALSE,FALSE,FALSE,FALSE,FALSE,FALSE,"CN",312,FALSE,FALSE,FALSE,FALSE,FALSE
"313",110,"SS1609318098340",FALSE,TRUE,"CN",110,FALSE,FALSE,FALSE,FALSE,FALSE,FALSE,"CN",313,FALSE,FALSE,FALSE,FALSE,FALSE
"314",111,"SS1609320517766",TRUE,TRUE,"CN",111,FALSE,FALSE,TRUE,FALSE,FALSE,FALSE,"CN",314,FALSE,FALSE,FALSE,FALSE,FALSE
"315",112,"SS1609382454367",FALSE,TRUE,"CN",112,FALSE,FALSE,FALSE,FALSE,FALSE,FALSE,"CN",315,FALSE,FALSE,FALSE,FALSE,FALSE
"316",113,"SS1609382677476",FALSE,TRUE,"CN",113,FALSE,FALSE,FALSE,FALSE,FALSE,FALSE,"CN",316,FALSE,FALSE,FALSE,FALSE,FALSE
"317",114,"SS1609383084698",FALSE,TRUE,"CN",114,FALSE,FALSE,FALSE,FALSE,FALSE,FALSE,"CN",317,FALSE,FALSE,FALSE,FALSE,FALSE
"318",115,"SS1609383467951",FALSE,TRUE,"CN",115,FALSE,FALSE,FALSE,FALSE,FALSE,FALSE,"CN",318,FALSE,FALSE,FALSE,TRUE,FALSE
"319",116,"SS1609383545426",FALSE,TRUE,"CN",116,FALSE,FALSE,FALSE,FALSE,FALSE,FALSE,"CN",319,FALSE,FALSE,FALSE,FALSE,FALSE
"320",117,"SS1609383938335",FALSE,TRUE,"CN",117,FALSE,FALSE,FALSE,FALSE,FALSE,FALSE,"CN",320,FALSE,FALSE,FALSE,FALSE,FALSE
"321",118,"SS1609384109788",FALSE,FALSE,"CN",118,FALSE,TRUE,FALSE,FALSE,FALSE,FALSE,"CN",321,FALSE,FALSE,FALSE,FALSE,FALSE
"322",119,"SS1609385308642",FALSE,TRUE,"CN",119,FALSE,FALSE,FALSE,FALSE,FALSE,FALSE,"CN",322,FALSE,FALSE,FALSE,FALSE,FALSE
"323",120,"SS1609385581333",FALSE,TRUE,"CN",120,FALSE,FALSE,FALSE,FALSE,FALSE,FALSE,"CN",323,FALSE,FALSE,FALSE,FALSE,FALSE
"324",121,"SS1609386384117",FALSE,TRUE,"CN",121,FALSE,FALSE,FALSE,FALSE,FALSE,FALSE,"CN",324,FALSE,FALSE,FALSE,FALSE,FALSE
"325",122,"SS1609387365186",FALSE,TRUE,"CN",122,FALSE,FALSE,FALSE,FALSE,FALSE,TRUE,"CN",325,FALSE,FALSE,FALSE,FALSE,FALSE
"326",123,"SS1609388348920",FALSE,FALSE,"CN",123,FALSE,FALSE,FALSE,FALSE,FALSE,FALSE,"CN",326,FALSE,FALSE,FALSE,FALSE,FALSE
"327",124,"SS1609390330971",FALSE,TRUE,"CN",124,FALSE,FALSE,FALSE,FALSE,FALSE,FALSE,"CN",327,FALSE,FALSE,FALSE,FALSE,FALSE
"328",125,"SS1609390524426",FALSE,TRUE,"CN",125,FALSE,FALSE,FALSE,FALSE,FALSE,FALSE,"CN",328,FALSE,FALSE,FALSE,FALSE,FALSE
"329",126,"SS1609390607072",FALSE,FALSE,"CN",126,FALSE,FALSE,FALSE,FALSE,FALSE,FALSE,"CN",329,FALSE,FALSE,FALSE,FALSE,FALSE
"330",127,"SS1609391110803",FALSE,TRUE,"CN",127,FALSE,FALSE,FALSE,FALSE,FALSE,FALSE,"CN",330,FALSE,FALSE,FALSE,FALSE,FALSE
"331",128,"SS1609394084810",FALSE,TRUE,"CN",128,FALSE,FALSE,FALSE,FALSE,FALSE,FALSE,"CN",331,FALSE,FALSE,FALSE,FALSE,FALSE
"332",129,"SS1609395698854",FALSE,FALSE,"CN",129,FALSE,FALSE,FALSE,FALSE,FALSE,FALSE,"CN",332,FALSE,FALSE,FALSE,FALSE,FALSE
"333",130,"SS1609396252246",FALSE,TRUE,"CN",130,FALSE,TRUE,FALSE,FALSE,FALSE,FALSE,"CN",333,FALSE,FALSE,FALSE,FALSE,FALSE
"334",131,"SS1609396253241",FALSE,TRUE,"CN",131,FALSE,FALSE,FALSE,FALSE,FALSE,FALSE,"CN",334,FALSE,FALSE,FALSE,FALSE,FALSE
"335",132,"SS1609396910985",FALSE,TRUE,"CN",132,FALSE,FALSE,FALSE,FALSE,FALSE,FALSE,"CN",335,FALSE,FALSE,FALSE,FALSE,FALSE
"336",133,"SS1609397448237",FALSE,TRUE,"CN",133,FALSE,FALSE,FALSE,FALSE,FALSE,FALSE,"CN",336,FALSE,FALSE,FALSE,FALSE,FALSE
"337",134,"SS1609399510291",FALSE,TRUE,"CN",134,FALSE,FALSE,TRUE,FALSE,FALSE,FALSE,"CN",337,FALSE,FALSE,FALSE,FALSE,FALSE
"338",135,"SS1609399711690",FALSE,TRUE,"CN",135,FALSE,FALSE,FALSE,FALSE,FALSE,FALSE,"CN",338,FALSE,FALSE,FALSE,FALSE,FALSE
"339",136,"SS1609400144008",FALSE,TRUE,"CN",136,FALSE,FALSE,FALSE,FALSE,FALSE,TRUE,"CN",339,FALSE,FALSE,FALSE,FALSE,FALSE
"340",137,"SS1609400637045",FALSE,TRUE,"CN",137,FALSE,FALSE,FALSE,FALSE,FALSE,FALSE,"CN",340,FALSE,FALSE,FALSE,FALSE,FALSE
"341",138,"SS1609400971621",FALSE,TRUE,"CN",138,FALSE,FALSE,FALSE,FALSE,FALSE,TRUE,"CN",341,FALSE,FALSE,FALSE,FALSE,FALSE
"342",139,"SS1609403281991",FALSE,TRUE,"CN",139,FALSE,FALSE,FALSE,FALSE,FALSE,FALSE,"CN",342,FALSE,FALSE,FALSE,FALSE,FALSE
"343",140,"SS1609403452252",FALSE,TRUE,"CN",140,FALSE,FALSE,FALSE,FALSE,FALSE,FALSE,"CN",343,FALSE,FALSE,FALSE,FALSE,FALSE
"344",141,"SS1609407631513",FALSE,TRUE,"CN",141,FALSE,FALSE,FALSE,FALSE,FALSE,FALSE,"CN",344,FALSE,FALSE,FALSE,FALSE,FALSE
"345",142,"SS1609408783276",FALSE,TRUE,"CN",142,FALSE,FALSE,FALSE,FALSE,FALSE,FALSE,"CN",345,FALSE,FALSE,FALSE,FALSE,FALSE
"346",143,"SS1609410027831",FALSE,TRUE,"CN",143,FALSE,FALSE,FALSE,FALSE,FALSE,FALSE,"CN",346,FALSE,FALSE,FALSE,FALSE,TRUE
"347",144,"SS1609412776217",FALSE,TRUE,"CN",144,FALSE,FALSE,FALSE,FALSE,FALSE,FALSE,"CN",347,FALSE,FALSE,FALSE,FALSE,FALSE
"348",145,"SS1609421811577",FALSE,TRUE,"CN",145,FALSE,FALSE,FALSE,FALSE,FALSE,FALSE,"CN",348,FALSE,FALSE,FALSE,TRUE,FALSE
"349",146,"SS1609422628010",FALSE,TRUE,"CN",146,FALSE,FALSE,FALSE,FALSE,FALSE,FALSE,"CN",349,FALSE,FALSE,FALSE,FALSE,FALSE
"350",147,"SS1609469598838",FALSE,FALSE,"CN",147,FALSE,FALSE,FALSE,FALSE,FALSE,TRUE,"CN",350,FALSE,FALSE,FALSE,FALSE,FALSE
"351",148,"SS1609475378861",FALSE,TRUE,"CN",148,FALSE,FALSE,FALSE,FALSE,FALSE,FALSE,"CN",351,FALSE,FALSE,FALSE,FALSE,FALSE
"352",149,"SS1609479257730",FALSE,TRUE,"CN",149,FALSE,FALSE,FALSE,FALSE,FALSE,FALSE,"CN",352,FALSE,FALSE,FALSE,FALSE,FALSE
"353",150,"SS1609483625579",FALSE,TRUE,"CN",150,FALSE,FALSE,FALSE,FALSE,FALSE,FALSE,"CN",353,FALSE,FALSE,FALSE,FALSE,FALSE
"354",151,"SS1609487859941",FALSE,TRUE,"CN",151,FALSE,FALSE,FALSE,FALSE,FALSE,FALSE,"CN",354,FALSE,FALSE,FALSE,FALSE,FALSE
"355",152,"SS1609490403304",FALSE,TRUE,"CN",152,FALSE,FALSE,FALSE,FALSE,FALSE,FALSE,"CN",355,FALSE,FALSE,FALSE,FALSE,FALSE
"356",153,"SS1609491720621",FALSE,TRUE,"CN",153,FALSE,FALSE,FALSE,FALSE,FALSE,FALSE,"CN",356,FALSE,FALSE,FALSE,FALSE,FALSE
"357",154,"SS1609492332657",FALSE,TRUE,"CN",154,FALSE,FALSE,FALSE,FALSE,FALSE,TRUE,"CN",357,FALSE,FALSE,FALSE,TRUE,FALSE
"358",155,"SS1609492340188",FALSE,TRUE,"CN",155,FALSE,FALSE,FALSE,FALSE,FALSE,FALSE,"CN",358,FALSE,FALSE,FALSE,FALSE,FALSE
"359",156,"SS1609492679568",FALSE,TRUE,"CN",156,FALSE,FALSE,FALSE,FALSE,FALSE,FALSE,"CN",359,FALSE,FALSE,FALSE,FALSE,FALSE
"360",157,"SS1609493526682",FALSE,TRUE,"CN",157,FALSE,FALSE,FALSE,FALSE,FALSE,FALSE,"CN",360,FALSE,FALSE,FALSE,FALSE,FALSE
"361",158,"SS1609494868761",FALSE,TRUE,"CN",158,FALSE,FALSE,FALSE,FALSE,FALSE,FALSE,"CN",361,FALSE,FALSE,FALSE,FALSE,FALSE
"362",159,"SS1609506186383",FALSE,FALSE,"CN",159,FALSE,FALSE,FALSE,FALSE,FALSE,FALSE,"CN",362,FALSE,FALSE,FALSE,FALSE,FALSE
"363",160,"SS1609553048222",FALSE,FALSE,"CN",160,FALSE,FALSE,FALSE,FALSE,FALSE,FALSE,"CN",363,FALSE,FALSE,FALSE,FALSE,FALSE
"364",161,"SS1609553165145",FALSE,TRUE,"CN",161,FALSE,FALSE,FALSE,FALSE,FALSE,FALSE,"CN",364,FALSE,FALSE,FALSE,FALSE,FALSE
"365",162,"SS1609556835849",FALSE,TRUE,"CN",162,FALSE,FALSE,FALSE,FALSE,FALSE,FALSE,"CN",365,FALSE,FALSE,FALSE,FALSE,FALSE
"366",163,"SS1609558200124",FALSE,TRUE,"CN",163,FALSE,FALSE,FALSE,FALSE,FALSE,FALSE,"CN",366,FALSE,FALSE,FALSE,FALSE,FALSE
"367",164,"SS1609558311223",FALSE,TRUE,"CN",164,FALSE,FALSE,FALSE,FALSE,FALSE,FALSE,"CN",367,FALSE,FALSE,FALSE,FALSE,FALSE
"368",165,"SS1609558579549",TRUE,TRUE,"CN",165,FALSE,FALSE,FALSE,FALSE,FALSE,FALSE,"CN",368,FALSE,FALSE,FALSE,FALSE,FALSE
"369",166,"SS1609558648415",FALSE,TRUE,"CN",166,FALSE,FALSE,FALSE,FALSE,FALSE,TRUE,"CN",369,FALSE,FALSE,FALSE,FALSE,FALSE
"370",167,"SS1609558865004",FALSE,FALSE,"CN",167,FALSE,FALSE,FALSE,FALSE,FALSE,FALSE,"CN",370,FALSE,FALSE,FALSE,FALSE,FALSE
"371",168,"SS1609558915600",TRUE,TRUE,"CN",168,FALSE,FALSE,FALSE,FALSE,FALSE,FALSE,"CN",371,FALSE,FALSE,FALSE,FALSE,FALSE
"372",169,"SS1609559068101",FALSE,TRUE,"CN",169,FALSE,FALSE,FALSE,FALSE,FALSE,FALSE,"CN",372,FALSE,FALSE,FALSE,FALSE,FALSE
"373",170,"SS1609559083061",TRUE,TRUE,"CN",170,FALSE,FALSE,FALSE,FALSE,FALSE,FALSE,"CN",373,FALSE,FALSE,FALSE,FALSE,FALSE
"374",171,"SS1609559085732",FALSE,TRUE,"CN",171,FALSE,FALSE,FALSE,FALSE,FALSE,FALSE,"CN",374,FALSE,FALSE,FALSE,FALSE,FALSE
"375",172,"SS1609559365934",FALSE,TRUE,"CN",172,FALSE,FALSE,FALSE,FALSE,FALSE,FALSE,"CN",375,FALSE,FALSE,FALSE,FALSE,FALSE
"376",173,"SS1609559525632",FALSE,TRUE,"CN",173,FALSE,FALSE,FALSE,FALSE,FALSE,FALSE,"CN",376,FALSE,FALSE,FALSE,FALSE,FALSE
"377",174,"SS1609559549296",FALSE,TRUE,"CN",174,FALSE,FALSE,FALSE,FALSE,FALSE,FALSE,"CN",377,FALSE,FALSE,FALSE,FALSE,FALSE
"378",175,"SS1609559668779",FALSE,TRUE,"CN",175,FALSE,FALSE,FALSE,FALSE,FALSE,FALSE,"CN",378,FALSE,FALSE,FALSE,FALSE,TRUE
"379",176,"SS1609559802162",FALSE,TRUE,"CN",176,FALSE,FALSE,FALSE,FALSE,FALSE,FALSE,"CN",379,FALSE,FALSE,FALSE,FALSE,FALSE
"380",177,"SS1609559819130",FALSE,FALSE,"CN",177,FALSE,FALSE,FALSE,FALSE,FALSE,FALSE,"CN",380,FALSE,FALSE,FALSE,FALSE,FALSE
"381",178,"SS1609559880771",TRUE,TRUE,"CN",178,FALSE,TRUE,FALSE,FALSE,FALSE,FALSE,"CN",381,FALSE,FALSE,FALSE,FALSE,FALSE
"382",179,"SS1609560168328",FALSE,TRUE,"CN",179,FALSE,FALSE,FALSE,FALSE,FALSE,FALSE,"CN",382,FALSE,FALSE,FALSE,FALSE,FALSE
"383",180,"SS1609560262643",FALSE,TRUE,"CN",180,FALSE,FALSE,FALSE,FALSE,FALSE,TRUE,"CN",383,FALSE,FALSE,FALSE,FALSE,FALSE
"384",181,"SS1609560692211",FALSE,FALSE,"CN",181,FALSE,FALSE,FALSE,FALSE,FALSE,FALSE,"CN",384,FALSE,FALSE,FALSE,FALSE,FALSE
"385",182,"SS1609560741612",FALSE,TRUE,"CN",182,FALSE,FALSE,FALSE,FALSE,FALSE,FALSE,"CN",385,FALSE,FALSE,FALSE,TRUE,FALSE
"386",183,"SS1609560942988",FALSE,TRUE,"CN",183,FALSE,FALSE,FALSE,FALSE,FALSE,FALSE,"CN",386,FALSE,FALSE,FALSE,FALSE,FALSE
"387",184,"SS1609561045437",FALSE,TRUE,"CN",184,FALSE,FALSE,FALSE,FALSE,FALSE,FALSE,"CN",387,FALSE,FALSE,FALSE,FALSE,FALSE
"388",185,"SS1609561082364",FALSE,TRUE,"CN",185,FALSE,FALSE,FALSE,FALSE,FALSE,FALSE,"CN",388,FALSE,FALSE,FALSE,FALSE,FALSE
"389",186,"SS1609561142801",TRUE,TRUE,"CN",186,FALSE,FALSE,FALSE,FALSE,FALSE,FALSE,"CN",389,FALSE,FALSE,FALSE,FALSE,FALSE
"390",187,"SS1609561504112",FALSE,TRUE,"CN",187,FALSE,FALSE,FALSE,FALSE,FALSE,FALSE,"CN",390,FALSE,FALSE,FALSE,FALSE,FALSE
"391",188,"SS1609561520947",FALSE,TRUE,"CN",188,FALSE,FALSE,FALSE,FALSE,FALSE,FALSE,"CN",391,FALSE,FALSE,FALSE,FALSE,FALSE
"392",189,"SS1609561854923",FALSE,TRUE,"CN",189,FALSE,FALSE,FALSE,FALSE,FALSE,FALSE,"CN",392,FALSE,FALSE,FALSE,FALSE,FALSE
"393",190,"SS1609804488018",FALSE,TRUE,"CN",190,FALSE,FALSE,FALSE,FALSE,FALSE,FALSE,"CN",393,FALSE,FALSE,FALSE,FALSE,FALSE
"394",191,"SS1609804557478",FALSE,TRUE,"CN",191,FALSE,FALSE,FALSE,FALSE,FALSE,FALSE,"CN",394,FALSE,FALSE,FALSE,FALSE,FALSE
"395",192,"SS1609822208213",FALSE,TRUE,"CN",192,FALSE,FALSE,FALSE,FALSE,FALSE,FALSE,"CN",395,FALSE,FALSE,FALSE,FALSE,FALSE
"396",193,"SS1609827896523",FALSE,TRUE,"CN",193,FALSE,FALSE,FALSE,FALSE,FALSE,FALSE,"CN",396,FALSE,FALSE,FALSE,FALSE,FALSE
"397",194,"SS1609888937497",FALSE,TRUE,"CN",194,TRUE,FALSE,FALSE,FALSE,FALSE,FALSE,"CN",397,FALSE,FALSE,FALSE,TRUE,FALSE
"398",195,"SS1609890931156",FALSE,TRUE,"CN",195,FALSE,FALSE,FALSE,FALSE,FALSE,FALSE,"CN",398,FALSE,FALSE,FALSE,FALSE,FALSE
"399",196,"SS1609891086501",FALSE,TRUE,"CN",196,FALSE,FALSE,FALSE,FALSE,FALSE,FALSE,"CN",399,FALSE,FALSE,FALSE,FALSE,FALSE
"400",197,"SS1609891551310",FALSE,TRUE,"CN",197,FALSE,FALSE,FALSE,FALSE,FALSE,FALSE,"CN",400,FALSE,FALSE,FALSE,FALSE,FALSE
"401",198,"SS1609908877725",FALSE,TRUE,"CN",198,FALSE,FALSE,FALSE,FALSE,FALSE,FALSE,"CN",401,FALSE,FALSE,FALSE,FALSE,FALSE
"402",199,"SS1609908914854",FALSE,TRUE,"CN",199,FALSE,FALSE,FALSE,FALSE,FALSE,FALSE,"CN",402,FALSE,FALSE,FALSE,FALSE,FALSE
"403",200,"SS1609908998401",FALSE,TRUE,"CN",200,FALSE,FALSE,FALSE,FALSE,FALSE,FALSE,"CN",403,FALSE,FALSE,FALSE,FALSE,FALSE
"404",201,"SS1609909002041",FALSE,TRUE,"CN",201,FALSE,FALSE,FALSE,FALSE,FALSE,FALSE,"CN",404,FALSE,FALSE,FALSE,FALSE,FALSE
